[
  {
    "id": "36acb29e-b1a7-463f-a0d9-5bd2bd6affc4",
    "data": [
      {
        "text": "My name is ",
        "userDefined": false
      },
      {
        "text": "Raj",
        "meta": "@sys.given-name",
        "alias": "given-name",
        "userDefined": true
      },
      {
        "text": " and my phone number is ",
        "userDefined": false
      },
      {
        "text": "999-999-1111",
        "meta": "@sys.phone-number",
        "alias": "phone-number",
        "userDefined": true
      }
    ],
    "isTemplate": false,
    "count": 0,
    "lang": "en",
    "updated": 0
  },
  {
    "id": "66edce56-4db1-4fc2-ad41-afb7acab39fa",
    "data": [
      {
        "text": "Raj Mohite",
        "meta": "@sys.given-name",
        "alias": "given-name",
        "userDefined": true
      }
    ],
    "isTemplate": false,
    "count": 0,
    "lang": "en",
    "updated": 0
  },
  {
    "id": "5f7f0e9c-83e3-4139-8cb5-9635a6e8fc3a",
    "data": [
      {
        "text": "Raj",
        "meta": "@sys.given-name",
        "alias": "given-name",
        "userDefined": true
      },
      {
        "text": " and ",
        "userDefined": false
      },
      {
        "text": "888-777-9999",
        "meta": "@sys.phone-number",
        "alias": "phone-number",
        "userDefined": true
      }
    ],
    "isTemplate": false,
    "count": 0,
    "lang": "en",
    "updated": 0
  }
]