[
  {
    "id": "f40c485b-c450-47f1-9a92-35828a6cf737",
    "data": [
      {
        "text": "fine",
        "userDefined": false
      }
    ],
    "isTemplate": false,
    "count": 0,
    "lang": "en",
    "updated": 0
  },
  {
    "id": "992a6f37-1dab-4b2d-a78b-9861f86afd54",
    "data": [
      {
        "text": "k",
        "userDefined": false
      }
    ],
    "isTemplate": false,
    "count": 0,
    "lang": "en",
    "updated": 0
  },
  {
    "id": "37b48d36-30dc-47b6-8602-b451f12a4b34",
    "data": [
      {
        "text": "okay",
        "userDefined": false
      }
    ],
    "isTemplate": false,
    "count": 0,
    "lang": "en",
    "updated": 0
  },
  {
    "id": "14063cf0-af13-4127-9745-3097f948d0b6",
    "data": [
      {
        "text": "Ok",
        "userDefined": false
      }
    ],
    "isTemplate": false,
    "count": 1,
    "lang": "en",
    "updated": 0
  }
]