[
  {
    "id": "68212075-ea11-46dc-bce2-e8043c3c29f8",
    "data": [
      {
        "text": "I want a ",
        "userDefined": false
      },
      {
        "text": "Large",
        "meta": "@PizzaSize",
        "alias": "PizzaSize",
        "userDefined": true
      },
      {
        "text": " Pizza with ",
        "userDefined": false
      },
      {
        "text": "Olives",
        "meta": "@PizzaToppings",
        "alias": "PizzaToppings",
        "userDefined": true
      },
      {
        "text": " and ",
        "userDefined": false
      },
      {
        "text": "pan pizza",
        "meta": "@PizzaType",
        "alias": "PizzaType",
        "userDefined": true
      },
      {
        "text": " based .",
        "userDefined": false
      }
    ],
    "isTemplate": false,
    "count": 0,
    "lang": "en",
    "updated": 0
  },
  {
    "id": "9044567e-9c32-4c33-82f5-f49e334ab497",
    "data": [
      {
        "text": "I want a ",
        "userDefined": false
      },
      {
        "text": "Large",
        "meta": "@PizzaSize",
        "alias": "PizzaSize",
        "userDefined": true
      },
      {
        "text": " pizza with ",
        "userDefined": false
      },
      {
        "text": "Olives",
        "meta": "@PizzaToppings",
        "alias": "PizzaToppings",
        "userDefined": true
      }
    ],
    "isTemplate": false,
    "count": 0,
    "lang": "en",
    "updated": 0
  },
  {
    "id": "c225aac1-12df-4e4e-9f22-90c8c52abd2d",
    "data": [
      {
        "text": "I want a ",
        "userDefined": false
      },
      {
        "text": "Large",
        "meta": "@PizzaSize",
        "alias": "PizzaSize",
        "userDefined": true
      },
      {
        "text": " pizza",
        "userDefined": false
      }
    ],
    "isTemplate": false,
    "count": 0,
    "lang": "en",
    "updated": 0
  },
  {
    "id": "ce3aaab3-e9a5-4034-848e-e74b3d90cb28",
    "data": [
      {
        "text": "Pizza please",
        "userDefined": false
      }
    ],
    "isTemplate": false,
    "count": 0,
    "lang": "en",
    "updated": 0
  },
  {
    "id": "662784f8-c030-4df7-aab8-0dddaf2b904c",
    "data": [
      {
        "text": "Can you take my order for pizza",
        "userDefined": false
      }
    ],
    "isTemplate": false,
    "count": 0,
    "lang": "en",
    "updated": 0
  },
  {
    "id": "9c6a4e0a-5b5f-426f-a995-0f59a1f429a1",
    "data": [
      {
        "text": "Can i get a pizza please",
        "userDefined": false
      }
    ],
    "isTemplate": false,
    "count": 0,
    "lang": "en",
    "updated": 0
  },
  {
    "id": "eeedf209-37b7-4a47-8369-7c86faaa1852",
    "data": [
      {
        "text": "I want to order a pizza",
        "userDefined": false
      }
    ],
    "isTemplate": false,
    "count": 0,
    "lang": "en",
    "updated": 0
  },
  {
    "id": "ee34b667-2251-4a8d-aa54-0f4ed5ecdc1b",
    "data": [
      {
        "text": "Order a pizaa",
        "userDefined": false
      }
    ],
    "isTemplate": false,
    "count": 0,
    "lang": "en",
    "updated": 0
  }
]