[
  {
    "value": "Cheese",
    "synonyms": [
      "Cheese"
    ]
  },
  {
    "value": "Onion",
    "synonyms": [
      "Onion"
    ]
  },
  {
    "value": "Mushroom",
    "synonyms": [
      "Mushroom"
    ]
  },
  {
    "value": "Paneer",
    "synonyms": [
      "Paneer"
    ]
  },
  {
    "value": "Corn",
    "synonyms": [
      "Corn"
    ]
  },
  {
    "value": "Olives",
    "synonyms": [
      "Olives"
    ]
  },
  {
    "value": "Bell peppers",
    "synonyms": [
      "Bell peppers"
    ]
  }
]